{"cameraMode":{"drawMode":0,"name":"Shaded","section":"Shading Mode"},"sceneLighting":false,"audioPlay":false,"sceneViewState":{"showFog":true,"showMaterialUpdate":false,"showSkybox":true,"showFlares":true,"showImageEffects":true,"showParticleSystems":true},"in2DMode":false,"pivot":{"x":-1.9700002670288087,"y":0.07999992370605469,"z":-6.880000114440918},"rotation":{"x":-0.2244323045015335,"y":-0.06076476722955704,"z":0.014021567068994046,"w":-0.9724932909011841},"size":40.010372161865237,"orthographic":false}