{"cameraMode":{"drawMode":0,"name":"Shaded","section":"Shading Mode"},"sceneLighting":false,"audioPlay":false,"sceneViewState":{"showFog":true,"showMaterialUpdate":false,"showSkybox":true,"showFlares":true,"showImageEffects":true,"showParticleSystems":true},"in2DMode":false,"pivot":{"x":0.0,"y":11.1899995803833,"z":114.19999694824219},"rotation":{"x":0.25976768136024477,"y":-0.01418556272983551,"z":0.003811633214354515,"w":0.9655700922012329},"size":2.8578836917877199,"orthographic":false}