{"cameraMode":{"drawMode":0,"name":"Shaded","section":"Shading Mode"},"sceneLighting":false,"audioPlay":false,"sceneViewState":{"showFog":true,"showMaterialUpdate":false,"showSkybox":true,"showFlares":true,"showImageEffects":true,"showParticleSystems":true},"in2DMode":false,"pivot":{"x":-213.20803833007813,"y":-62.809261322021487,"z":-77.455322265625},"rotation":{"x":0.1265871673822403,"y":-0.18945717811584474,"z":0.024584688246250154,"w":0.973419725894928},"size":339.4944152832031,"orthographic":false}