{"cameraMode":{"drawMode":0,"name":"Shaded","section":"Shading Mode"},"sceneLighting":false,"audioPlay":false,"sceneViewState":{"showFog":true,"showMaterialUpdate":false,"showSkybox":true,"showFlares":true,"showImageEffects":true,"showParticleSystems":true},"in2DMode":false,"pivot":{"x":-53.95756530761719,"y":57.94196319580078,"z":-51.598960876464847},"rotation":{"x":0.1521834135055542,"y":0.35543859004974368,"z":-0.05862559750676155,"w":0.9204318523406982},"size":112.8036117553711,"orthographic":false}