{"cameraMode":{"drawMode":0,"name":"Shaded","section":"Shading Mode"},"sceneLighting":false,"audioPlay":false,"sceneViewState":{"showFog":true,"showMaterialUpdate":false,"showSkybox":true,"showFlares":true,"showImageEffects":true,"showParticleSystems":true},"in2DMode":false,"pivot":{"x":0.28154945373535159,"y":9.249237060546875,"z":-0.39749813079833987},"rotation":{"x":-0.18157504498958589,"y":0.15204420685768128,"z":-0.028319038450717927,"w":-0.9712127447128296},"size":36.500667572021487,"orthographic":false}