{"cameraMode":{"drawMode":0,"name":"Shaded","section":"Shading Mode"},"sceneLighting":false,"audioPlay":false,"sceneViewState":{"showFog":true,"showMaterialUpdate":false,"showSkybox":true,"showFlares":true,"showImageEffects":true,"showParticleSystems":true},"in2DMode":false,"pivot":{"x":-53.96281051635742,"y":6.021565914154053,"z":28.469669342041017},"rotation":{"x":-0.3252009451389313,"y":0.33598482608795168,"z":-0.12487781047821045,"w":-0.875093936920166},"size":29.037002563476564,"orthographic":false}