{"cameraMode":{"drawMode":0,"name":"Shaded","section":"Shading Mode"},"sceneLighting":false,"audioPlay":false,"sceneViewState":{"showFog":true,"showMaterialUpdate":false,"showSkybox":true,"showFlares":true,"showImageEffects":true,"showParticleSystems":true},"in2DMode":false,"pivot":{"x":0.3336362838745117,"y":14.165159225463868,"z":-0.22734785079956056},"rotation":{"x":0.07731086760759354,"y":0.9139901995658875,"z":-0.20804570615291596,"w":0.3396540582180023},"size":49.3902702331543,"orthographic":false}