{"cameraMode":{"drawMode":0,"name":"Shaded","section":"Shading Mode"},"sceneLighting":false,"audioPlay":false,"sceneViewState":{"showFog":true,"showMaterialUpdate":false,"showSkybox":true,"showFlares":true,"showImageEffects":true,"showParticleSystems":true},"in2DMode":false,"pivot":{"x":0.0,"y":-0.36999988555908205,"z":4.840000152587891},"rotation":{"x":-0.1892348676919937,"y":-0.06564708799123764,"z":0.012656974606215954,"w":-0.9796782732009888},"size":36.8951301574707,"orthographic":false}