{"cameraMode":{"drawMode":0,"name":"Shaded","section":"Shading Mode"},"sceneLighting":true,"audioPlay":false,"sceneViewState":{"showFog":true,"showMaterialUpdate":true,"showSkybox":true,"showFlares":true,"showImageEffects":true,"showParticleSystems":true},"in2DMode":false,"pivot":{"x":2.882014036178589,"y":2.2713916301727297,"z":-1.6578325033187867},"rotation":{"x":-0.5710595846176148,"y":-0.008138530887663365,"z":0.005661274306476116,"w":-0.8208839297294617},"size":9.136943817138672,"orthographic":false}