{"cameraMode":{"drawMode":0,"name":"Shaded","section":"Shading Mode"},"sceneLighting":true,"audioPlay":false,"sceneViewState":{"showFog":true,"showMaterialUpdate":false,"showSkybox":true,"showFlares":true,"showImageEffects":true,"showParticleSystems":true},"in2DMode":false,"pivot":{"x":537.8307495117188,"y":542.8088989257813,"z":-22.368783950805665},"rotation":{"x":-0.06857029348611832,"y":-0.0445682667195797,"z":-0.0030709640122950079,"w":0.9966551661491394},"size":660.1162719726563,"orthographic":false}