{"cameraMode":{"drawMode":0,"name":"Shaded","section":"Shading Mode"},"sceneLighting":false,"audioPlay":false,"sceneViewState":{"showFog":true,"showMaterialUpdate":false,"showSkybox":true,"showFlares":true,"showImageEffects":true,"showParticleSystems":true},"in2DMode":false,"pivot":{"x":107.439453125,"y":-76.6357421875,"z":-53.166015625},"rotation":{"x":-0.12929792702198029,"y":0.39498722553253176,"z":-0.05591677874326706,"w":-0.9080882668495178},"size":15.530247688293457,"orthographic":true}