{"cameraMode":{"drawMode":0,"name":"Shaded","section":"Shading Mode"},"sceneLighting":false,"audioPlay":false,"sceneViewState":{"showFog":true,"showMaterialUpdate":false,"showSkybox":true,"showFlares":true,"showImageEffects":true,"showParticleSystems":true},"in2DMode":false,"pivot":{"x":2.199202060699463,"y":3.861377239227295,"z":1.7516776323318482},"rotation":{"x":-0.14060498774051667,"y":-0.6650861501693726,"z":0.12947089970111848,"w":-0.7219722867012024},"size":5.506000518798828,"orthographic":false}