{"cameraMode":{"drawMode":0,"name":"Shaded","section":"Shading Mode"},"sceneLighting":false,"audioPlay":false,"sceneViewState":{"showFog":true,"showMaterialUpdate":false,"showSkybox":true,"showFlares":true,"showImageEffects":true,"showParticleSystems":true},"in2DMode":false,"pivot":{"x":-0.047110408544540408,"y":1.297791600227356,"z":1.8710484504699708},"rotation":{"x":-0.14056356251239777,"y":-0.524710476398468,"z":0.08838459104299545,"w":-0.8349827527999878},"size":6.305271625518799,"orthographic":false}