{"cameraMode":{"drawMode":0,"name":"Shaded","section":"Shading Mode"},"sceneLighting":false,"audioPlay":false,"sceneViewState":{"showFog":true,"showMaterialUpdate":false,"showSkybox":true,"showFlares":true,"showImageEffects":true,"showParticleSystems":true},"in2DMode":false,"pivot":{"x":-21.751964569091798,"y":29.14655303955078,"z":72.045654296875},"rotation":{"x":-0.23363074660301209,"y":0.02271171659231186,"z":-0.005067603662610054,"w":-0.9723038077354431},"size":62.469547271728519,"orthographic":true}