{"cameraMode":{"drawMode":0,"name":"Shaded","section":"Shading Mode"},"sceneLighting":false,"audioPlay":false,"sceneViewState":{"showFog":true,"showMaterialUpdate":false,"showSkybox":true,"showFlares":true,"showImageEffects":true,"showParticleSystems":true},"in2DMode":false,"pivot":{"x":-2.698620080947876,"y":0.5548595190048218,"z":-4.916901588439941},"rotation":{"x":0.11237676441669464,"y":0.7671117782592773,"z":-0.1397741585969925,"w":0.6160681247711182},"size":13.810070991516114,"orthographic":false}