{"cameraMode":{"drawMode":0,"name":"Shaded","section":"Shading Mode"},"sceneLighting":false,"audioPlay":false,"sceneViewState":{"showFog":true,"showMaterialUpdate":false,"showSkybox":true,"showFlares":true,"showImageEffects":true,"showParticleSystems":true},"in2DMode":false,"pivot":{"x":-50.0050048828125,"y":5.781795501708984,"z":33.097900390625},"rotation":{"x":-0.04221152514219284,"y":0.06349747627973557,"z":-0.0026880025397986175,"w":-0.9970866441726685},"size":45.406009674072269,"orthographic":false}