{"cameraMode":{"drawMode":0,"name":"Shaded","section":"Shading Mode"},"sceneLighting":false,"audioPlay":false,"sceneViewState":{"showFog":true,"showMaterialUpdate":false,"showSkybox":true,"showFlares":true,"showImageEffects":true,"showParticleSystems":true},"in2DMode":false,"pivot":{"x":0.18000000715255738,"y":0.5299999713897705,"z":-0.6399999856948853},"rotation":{"x":-0.015276668593287468,"y":-0.06385292857885361,"z":0.0009800383122637869,"w":-0.997856616973877},"size":0.5715768337249756,"orthographic":false}